{"cameraMode":{"drawMode":0,"name":"Shaded","section":"Shading Mode"},"sceneLighting":false,"audioPlay":false,"sceneViewState":{"m_AlwaysRefresh":false,"showFog":true,"showSkybox":false,"showFlares":true,"showImageEffects":true,"showParticleSystems":true,"showVisualEffectGraphs":true,"m_FxEnabled":true},"in2DMode":false,"pivot":{"x":0.4318750500679016,"y":-0.6698906421661377,"z":0.40224164724349978},"rotation":{"x":-0.5508787631988525,"y":-0.036531757563352588,"z":0.02360035851597786,"w":-0.8338313102722168},"size":0.7458890676498413,"orthographic":false}