{"cameraMode":{"drawMode":0,"name":"Shaded","section":"Shading Mode"},"sceneLighting":false,"audioPlay":false,"sceneViewState":{"m_AlwaysRefresh":false,"showFog":true,"showSkybox":false,"showFlares":true,"showImageEffects":true,"showParticleSystems":true,"showVisualEffectGraphs":true,"m_FxEnabled":true},"in2DMode":false,"pivot":{"x":1.100000023841858,"y":0.3659999966621399,"z":-1.1080000400543213},"rotation":{"x":0.15209878981113435,"y":-0.5942240357398987,"z":0.11634713411331177,"w":0.7816453576087952},"size":0.5258246064186096,"orthographic":false}